{
   "dashboards": [{
      "autoswitchEnabled": false,
      "columnCount": 1,
      "columnProportion": "1",
      "creationTime": 1537926456059,
      "dashboardNavigations": {},
      "description": "",
      "disabled": false,
      "gridsterMaxColumns": 12,
      "hidden": false,
      "homeTab": false,
      "id": "83e54501-6ffb-475f-8cff-78c3253ada7d",
      "importAttempts": 0,
      "importComplete": true,
      "isDefault": false,
      "locked": false,
      "name": "Snapshot Detail",
      "namePath": "TMM",
      "rank": 135,
      "shared": false,
      "temporary": false,
      "userId": "87a15df6-df0b-4b3b-be18-9c5e69ed78e3",
      "widgetInteractions": [],
      "widgets": [{
         "collapsed": false,
         "config": {
            "chartViewItems": [],
            "refreshContent": {"refreshContent": true},
            "refreshInterval": 300,
            "resource": {
               "adapterKindId": "VMWARE",
               "allowDrag": true,
               "allowDrop": true,
               "checked": null,
               "children": null,
               "cls": "",
               "depth": 1,
               "expandable": true,
               "expanded": false,
               "href": "",
               "hrefTarget": "",
               "icon": "",
               "iconCls": "resknd_default_vmware_vsphereworld",
               "iconSrc": "images/resknd/default/16x16/VMWARE_vSphere World.png",
               "id": "9d16fd81-df13-4e8c-858a-5d4dac890dce",
               "index": 0,
               "isFirst": true,
               "isLast": true,
               "leaf": false,
               "loaded": false,
               "loading": false,
               "nodeType": "resource",
               "parentId": "source",
               "qshowDelay": 0,
               "qtip": "",
               "qtitle": "",
               "resourceId": "resource:id:0_::_",
               "resourceKindId": "002006VMWAREvSphere World",
               "resourceKindKey": "vSphere World",
               "resourceKindName": "vSphere World",
               "resourceKindType": 8,
               "resourceName": "vSphere World",
               "root": false,
               "rootResourceId": "9d16fd81-df13-4e8c-858a-5d4dac890dce",
               "text": "vSphere World",
               "traversalSpecId": "vSphere Hosts and Clusters-VMWARE-vSphere World",
               "uniqueId": "9d16fd81-df13-4e8c-858a-5d4dac890dce_1536790765733",
               "visible": true
            },
            "selectFirstRow": {"selectFirstRow": false},
            "selfProvider": {"selfProvider": true},
            "title": "Snapshot Detail",
            "traversalSpecId": null,
            "viewDefinitionId": "49718f24-1b84-451e-9626-1d631b2133ec"
         },
         "gridsterCoords": {
            "h": 12,
            "w": 12,
            "x": 1,
            "y": 1
         },
         "height": 666,
         "id": "81b5ce09-3ee2-4c46-8c35-e7d0262a3137",
         "title": "Snapshot Detail",
         "type": "View"
      }]
   }],
   "entries": {"resource": [{
      "adapterKindKey": "VMWARE",
      "identifiers": [],
      "internalId": "resource:id:0_::_",
      "name": "vSphere World",
      "resourceKindKey": "vSphere World"
   }]},
   "uuid": "db9776a9-2ab4-4c17-9ca7-585543a4abfd"
}