{
   "dashboards": [{
      "autoswitchDelay": 300,
      "autoswitchEnabled": false,
      "autoswitchTabId": "null",
      "columnCount": 1,
      "columnProportion": "1",
      "creationTime": 1574367915961,
      "dashboardNavigations": {},
      "description": "",
      "disabled": false,
      "gridsterMaxColumns": 12,
      "hidden": false,
      "homeTab": false,
      "id": "83e54501-6ffb-475f-8cff-78c3253ada7d",
      "importAttempts": 0,
      "importComplete": true,
      "lastUpdateTime": 1604774776798,
      "lastUpdateUserId": "6df558f7-25df-4222-96b9-ade784399d19",
      "locked": false,
      "name": "Shared Dashboards (GBrandon)/Troubleshooting/Snapshot Detail",
      "namePath": "Shared Dashboards (GBrandon)/Troubleshooting",
      "rank": 0,
      "shared": true,
      "states": [],
      "temporary": false,
      "userId": "6df558f7-25df-4222-96b9-ade784399d19",
      "widgetInteractions": [],
      "widgets": [{
         "collapsed": false,
         "config": {
            "chartViewItems": [],
            "isUpdatedView": true,
            "refreshContent": {"refreshContent": true},
            "refreshInterval": 300,
            "resource": {
               "id": "Ext.vcops.chrome.model.Resource-19",
               "resourceId": "resource:id:0_::_",
               "resourceKindId": "002006VMWAREvSphere World",
               "resourceName": "vSphere World",
               "traversalSpecId": "vSphere Hosts and Clusters-VMWARE-vSphere World"
            },
            "selectFirstRow": {"selectFirstRow": false},
            "selfProvider": {"selfProvider": true},
            "title": "Snapshot Detail",
            "traversalSpecId": null,
            "viewDefinitionId": "49718f24-1b84-451e-9626-1d631b2133ec"
         },
         "gridsterCoords": {
            "h": 15,
            "w": 12,
            "x": 1,
            "y": 1
         },
         "height": 837,
         "id": "81b5ce09-3ee2-4c46-8c35-e7d0262a3137",
         "states": [
            {
               "key": "perm_toolbarVisible_widget_83e54501-6ffb-475f-8cff-78c3253ada7d_81b5ce09-3ee2-4c46-8c35-e7d0262a3137",
               "value": "b%3A1"
            },
            {
               "key": "permSelectedDate_widget_83e54501-6ffb-475f-8cff-78c3253ada7d_81b5ce09-3ee2-4c46-8c35-e7d0262a3137",
               "value": "s%3A%7B%22minType%22%3A%22.TimeIntervalControl%22%2C%22advancedTimeMode%22%3Afalse%2C%22fromTime%22%3Anull%2C%22unit%22%3A%22DAYS%22%2C%22count%22%3A7%2C%22priorUnit%22%3Anull%2C%22priorCount%22%3Anull%2C%22startSubUnit%22%3Anull%2C%22startPeriod%22%3Anull%2C%22toTime%22%3Anull%2C%22endUnit%22%3Anull%2C%22endCount%22%3Anull%2C%22endSubUnit%22%3Anull%2C%22endPeriod%22%3Anull%7D"
            }
         ],
         "title": "Snapshot Detail",
         "type": "View"
      }]
   }],
   "entries": {"resource": [{
      "adapterKindKey": "VMWARE",
      "identifiers": [],
      "internalId": "resource:id:0_::_",
      "name": "vSphere World",
      "resourceKindKey": "vSphere World"
   }]},
   "uuid": "d696f793-b1d8-45c5-b051-4b3a183d6948"
}