{
   "dashboards": [{
      "autoswitchDelay": 300,
      "autoswitchEnabled": false,
      "autoswitchTabId": "null",
      "columnCount": 1,
      "columnProportion": "1",
      "creationTime": 1574367915961,
      "dashboardNavigations": {},
      "description": "",
      "disabled": false,
      "gridsterMaxColumns": 12,
      "hidden": false,
      "homeTab": false,
      "id": "83e54501-6ffb-475f-8cff-78c3253ada7d",
      "importAttempts": 0,
      "importComplete": true,
      "lastUpdateTime": 1605156168095,
      "lastUpdateUserId": "6df558f7-25df-4222-96b9-ade784399d19",
      "locked": false,
      "name": "Shared Dashboards (GBrandon)/Troubleshooting/Snapshot Detail",
      "namePath": "Shared Dashboards (GBrandon)/Troubleshooting",
      "rank": 0,
      "shared": true,
      "states": [],
      "temporary": false,
      "userId": "6df558f7-25df-4222-96b9-ade784399d19",
      "widgetInteractions": [
         {
            "type": "resourceId",
            "widgetIdProvider": "33a91927-751e-43b3-9779-ca127158fd3c",
            "widgetIdReceiver": "81b5ce09-3ee2-4c46-8c35-e7d0262a3137"
         },
         {
            "type": "resourceId",
            "widgetIdProvider": "66cfd098-ed06-4a00-ad00-7411c0af7612",
            "widgetIdReceiver": "81b5ce09-3ee2-4c46-8c35-e7d0262a3137"
         }
      ],
      "widgets": [
         {
            "collapsed": false,
            "config": {
               "chartViewItems": [],
               "isUpdatedView": true,
               "refreshContent": {"refreshContent": true},
               "refreshInterval": 300,
               "resource": {
                  "id": "Ext.vcops.chrome.model.Resource-18",
                  "resourceId": "resource:id:0_::_",
                  "resourceKindId": "002006VMWAREvSphere World",
                  "resourceName": "vSphere World",
                  "traversalSpecId": "vSphere Hosts and Clusters-VMWARE-vSphere World"
               },
               "selectFirstRow": {"selectFirstRow": false},
               "selfProvider": {"selfProvider": true},
               "title": "Snapshot Detail",
               "traversalSpecId": null,
               "viewDefinitionId": "49718f24-1b84-451e-9626-1d631b2133ec"
            },
            "gridsterCoords": {
               "h": 11,
               "w": 12,
               "x": 1,
               "y": 7
            },
            "height": 609,
            "id": "81b5ce09-3ee2-4c46-8c35-e7d0262a3137",
            "states": [
               {
                  "key": "perm_toolbarVisible_widget_83e54501-6ffb-475f-8cff-78c3253ada7d_81b5ce09-3ee2-4c46-8c35-e7d0262a3137",
                  "value": "b%3A1"
               },
               {
                  "key": "permPageSize_widget_83e54501-6ffb-475f-8cff-78c3253ada7d_81b5ce09-3ee2-4c46-8c35-e7d0262a3137",
                  "value": "n%3A50"
               },
               {
                  "key": "permSelectedDate_widget_83e54501-6ffb-475f-8cff-78c3253ada7d_81b5ce09-3ee2-4c46-8c35-e7d0262a3137",
                  "value": "s%3A%7B%22minType%22%3A%22.TimeIntervalControl%22%2C%22advancedTimeMode%22%3Afalse%2C%22fromTime%22%3Anull%2C%22unit%22%3A%22DAYS%22%2C%22count%22%3A7%2C%22priorUnit%22%3Anull%2C%22priorCount%22%3Anull%2C%22startSubUnit%22%3Anull%2C%22startPeriod%22%3Anull%2C%22toTime%22%3Anull%2C%22endUnit%22%3Anull%2C%22endCount%22%3Anull%2C%22endSubUnit%22%3Anull%2C%22endPeriod%22%3Anull%7D"
               }
            ],
            "title": "Snapshot Detail",
            "type": "View"
         },
         {
            "collapsed": false,
            "config": {
               "chartViewItems": ["labels"],
               "isUpdatedView": true,
               "refreshContent": {"refreshContent": false},
               "refreshInterval": 300,
               "resource": {
                  "id": "Ext.vcops.chrome.model.Resource-21",
                  "resourceId": "resource:id:0_::_",
                  "resourceKindId": "002006VMWAREvSphere World",
                  "resourceName": "vSphere World",
                  "traversalSpecId": ""
               },
               "selectFirstRow": {"selectFirstRow": false},
               "selfProvider": {"selfProvider": true},
               "title": "Snapshot Age",
               "traversalSpecId": null,
               "viewDefinitionId": "9e853b4c-4c73-4105-bf92-35275e0c7e56"
            },
            "gridsterCoords": {
               "h": 6,
               "w": 4,
               "x": 1,
               "y": 1
            },
            "height": 324,
            "id": "33a91927-751e-43b3-9779-ca127158fd3c",
            "title": "Snapshot Age",
            "type": "View"
         },
         {
            "collapsed": false,
            "config": {
               "chartViewItems": ["labels"],
               "isUpdatedView": true,
               "refreshContent": {"refreshContent": false},
               "refreshInterval": 300,
               "resource": {
                  "id": "Ext.vcops.chrome.model.Resource-20",
                  "resourceId": "resource:id:0_::_",
                  "resourceKindId": "002006VMWAREvSphere World",
                  "resourceName": "vSphere World",
                  "traversalSpecId": ""
               },
               "selectFirstRow": {"selectFirstRow": false},
               "selfProvider": {"selfProvider": true},
               "title": "Snapshot Size",
               "traversalSpecId": null,
               "viewDefinitionId": "f6b687c5-719b-4db3-a58b-045f3fa44a59"
            },
            "gridsterCoords": {
               "h": 6,
               "w": 4,
               "x": 5,
               "y": 1
            },
            "height": 324,
            "id": "66cfd098-ed06-4a00-ad00-7411c0af7612",
            "title": "Snapshot Size",
            "type": "View"
         },
         {
            "collapsed": false,
            "config": {
               "chartViewItems": [],
               "isUpdatedView": true,
               "refreshContent": {"refreshContent": false},
               "refreshInterval": 300,
               "resource": {
                  "id": "Ext.vcops.chrome.model.Resource-19",
                  "resourceId": "resource:id:0_::_",
                  "resourceKindId": "002006VMWAREvSphere World",
                  "resourceName": "vSphere World",
                  "traversalSpecId": ""
               },
               "selectFirstRow": {"selectFirstRow": false},
               "selfProvider": {"selfProvider": true},
               "title": "Summary",
               "traversalSpecId": null,
               "viewDefinitionId": "9f93a43e-e5f5-4080-aea5-4cb10c896388"
            },
            "gridsterCoords": {
               "h": 6,
               "w": 4,
               "x": 9,
               "y": 1
            },
            "height": 324,
            "id": "dde46551-20f1-4db6-8d80-72692c551ed7",
            "title": "Summary",
            "type": "View"
         }
      ]
   }],
   "entries": {"resource": [{
      "adapterKindKey": "VMWARE",
      "identifiers": [],
      "internalId": "resource:id:0_::_",
      "name": "vSphere World",
      "resourceKindKey": "vSphere World"
   }]},
   "uuid": "88036aa2-b8e8-4c53-99e9-1b8a18051ba0"
}